<?xml version="1.0" encoding="UTF-8" standalone="yes" ?>
<appProperties xmlns="http://schemas.mathworks.com/matlab/app/2012/appProperties" signature="CEAADAB7545D74434B3E6E38F5A1076F7122D9B2">

  <entryPoint>gui2</entryPoint>

  <name>Sistema de biodegrao de Polmeros</name>

  <version>1.0</version>

  <createdByMATLABRelease>(R2016a)</createdByMATLABRelease>

  <GUID>67d1e77c-2f14-48f7-8b13-b76ed288ed6b</GUID>

  <supportedPlatforms/>

  <requiredProducts/>

  <numFiles>1</numFiles>

  <created>2017-09-12T18:00:54Z</created>

  <appEntries>
    <appFile>/gui2.mlapp</appFile>
  </appEntries>

</appProperties>
